4,2,2007,1,1
4,2,2007,2,1
4,2,2007,3,1
4,2,2007,4,1
4,2,2007,5,1
4,2,2007,6,1
4,2,2007,7,1
4,2,2007,8,1
4,2,2007,9,1
4,2,2007,10,1
4,2,2007,11,1
4,2,2007,12,2
4,2,2007,13,2
4,2,2007,14,2
4,2,2007,15,1
4,2,2007,16,1
4,2,2007,17,1
4,2,2007,18,0
4,2,2007,19,0
4,2,2007,20,0
4,2,2007,21,0
4,2,2007,22,0
4,2,2007,23,0
4,2,2007,24,0
4,2,2007,25,0
4,2,2007,26,0
4,2,2007,27,0
4,2,2007,28,0
4,2,2007,29,0
4,2,2007,30,0
4,2,2007,31,0
4,2,2007,32,0
4,2,2007,33,0
4,2,2007,34,0
4,2,2007,35,0
4,2,2007,36,0
4,2,2007,37,0
4,2,2007,38,0
4,2,2007,39,0
4,2,2007,40,0
4,2,2007,41,0
4,2,2007,42,0
4,2,2007,43,0
4,2,2007,44,0
4,2,2007,45,1
4,2,2007,46,1
4,2,2007,47,1
4,2,2007,48,1
4,2,2007,49,1
4,2,2007,50,1
4,2,2007,51,1
4,2,2007,52,1
4,2,2008,1,1
4,2,2008,2,1
4,2,2008,3,1
4,2,2008,4,1
4,2,2008,5,1
4,2,2008,6,2
4,2,2008,7,2
4,2,2008,8,2
4,2,2008,9,1
4,2,2008,10,1
4,2,2008,11,1
4,2,2008,12,1
4,2,2008,13,1
4,2,2008,14,1
4,2,2008,15,1
4,2,2008,16,1
4,2,2008,17,1
4,2,2008,18,1
4,2,2008,19,1
4,2,2008,20,1
4,2,2008,21,1
4,2,2008,22,1
4,2,2008,23,1
4,2,2008,24,0
4,2,2008,25,0
4,2,2008,26,0
4,2,2008,27,0
4,2,2008,28,0
4,2,2008,29,0
4,2,2008,30,0
4,2,2008,31,0
4,2,2008,32,0
4,2,2008,33,0
4,2,2008,34,0
4,2,2008,35,0
4,2,2008,36,0
4,2,2008,37,0
4,2,2008,38,0
4,2,2008,39,0
4,2,2008,40,0
4,2,2008,41,0
4,2,2008,42,0
4,2,2008,43,1
4,2,2008,44,1
4,2,2008,45,1
4,2,2008,46,1
4,2,2008,47,1
4,2,2008,48,1
4,2,2008,49,1
4,2,2008,50,1
4,2,2008,51,1
4,2,2008,52,1
4,2,2009,1,1
4,2,2009,2,1
4,2,2009,3,1
4,2,2009,4,1
4,2,2009,5,1
4,2,2009,6,1
4,2,2009,7,1
4,2,2009,8,1
4,2,2009,9,1
4,2,2009,10,1
4,2,2009,11,1
4,2,2009,12,1
4,2,2009,13,1
4,2,2009,14,1
4,2,2009,15,1
4,2,2009,16,1
4,2,2009,17,1
4,2,2009,18,1
4,2,2009,19,1
4,2,2009,20,1
4,2,2009,21,1
4,2,2009,22,1
4,2,2009,23,1
4,2,2009,24,0
4,2,2009,25,1
4,2,2009,26,0
4,2,2009,27,1
4,2,2009,28,1
4,2,2009,29,1
4,2,2009,30,0
4,2,2009,31,0
4,2,2009,32,0
4,2,2009,33,0
4,2,2009,34,0
4,2,2009,35,1
4,2,2009,36,1
4,2,2009,37,1
4,2,2009,38,1
4,2,2009,39,1
4,2,2009,40,1
4,2,2009,41,1
4,2,2009,42,2
4,2,2009,43,2
4,2,2009,44,3
4,2,2009,45,4
4,2,2009,46,4
4,2,2009,47,3
4,2,2009,48,2
4,2,2009,49,2
4,2,2009,50,3
4,2,2009,51,3
4,2,2009,52,3
4,2,2010,1,1
4,2,2010,2,1
4,2,2010,3,1
4,2,2010,4,1
4,2,2010,5,1
4,2,2010,6,1
4,2,2010,7,1
4,2,2010,8,4
4,2,2010,9,4
4,2,2010,10,4
4,2,2010,11,4
4,2,2010,12,1
4,2,2010,13,1
4,2,2010,14,1
4,2,2010,15,1
4,2,2010,16,1
4,2,2010,17,1
4,2,2010,18,1
4,2,2010,19,1
4,2,2010,20,1
4,2,2010,21,0
4,2,2010,22,0
4,2,2010,23,0
4,2,2010,24,0
4,2,2010,25,0
4,2,2010,26,0
4,2,2010,27,0
4,2,2010,28,0
4,2,2010,29,0
4,2,2010,30,0
4,2,2010,31,0
4,2,2010,32,0
4,2,2010,33,0
4,2,2010,34,0
4,2,2010,35,0
4,2,2010,36,0
4,2,2010,37,0
4,2,2010,38,0
4,2,2010,39,0
4,2,2010,40,0
4,2,2010,41,0
4,2,2010,42,0
4,2,2010,43,0
4,2,2010,44,0
4,2,2010,45,0
4,2,2010,46,0
4,2,2010,47,0
4,2,2010,48,1
4,2,2010,49,1
4,2,2010,50,1
4,2,2010,51,1
4,2,2010,52,1
4,2,2011,1,1
4,2,2011,2,1
4,2,2011,3,1
4,2,2011,4,1
4,2,2011,5,1
4,2,2011,6,1
4,2,2011,7,1
4,2,2011,8,1
4,2,2011,9,1
4,2,2011,10,1
4,2,2011,11,1
4,2,2011,12,1
4,2,2011,13,1
4,2,2011,14,1
4,2,2011,15,1
4,2,2011,16,1
4,2,2011,17,1
4,2,2011,18,1
4,2,2011,19,1
4,2,2011,20,1
4,2,2011,21,1
4,2,2011,22,1
4,2,2011,23,1
4,2,2011,24,1
4,2,2011,25,1
4,2,2011,26,1
4,2,2011,27,1
4,2,2011,28,1
4,2,2011,29,1
4,2,2011,30,1
4,2,2011,31,1
4,2,2011,32,1
4,2,2011,33,1
4,2,2011,34,1
4,2,2011,35,1
4,2,2011,36,1
4,2,2011,37,1
4,2,2011,38,1
4,2,2011,39,1
4,2,2011,40,1
4,2,2011,41,1
4,2,2011,42,1
4,2,2011,43,1
4,2,2011,44,1
4,2,2011,45,1
4,2,2011,46,1
4,2,2011,47,1
4,2,2011,48,1
4,2,2011,49,1
4,2,2011,50,1
4,2,2011,51,1
4,2,2011,52,1
4,2,2012,1,1
4,2,2012,2,1
4,2,2012,3,1
4,2,2012,4,1
4,2,2012,5,1
4,2,2012,6,1
4,2,2012,7,1
4,2,2012,8,1
4,2,2012,9,1
4,2,2012,10,1
4,2,2012,11,1
4,2,2012,12,1
4,2,2012,13,1
4,2,2012,14,1
4,2,2012,15,1
4,2,2012,16,1
4,2,2012,17,1
4,2,2012,18,1
4,2,2012,19,1
4,2,2012,20,1
4,2,2012,21,1
4,2,2012,22,1
4,2,2012,23,1
4,2,2012,24,1
4,2,2012,25,1
4,2,2012,26,1
4,2,2012,27,1
4,2,2012,28,1
4,2,2012,29,1
4,2,2012,30,1
4,2,2012,31,1
4,2,2012,32,1
4,2,2012,33,1
4,2,2012,34,1
4,2,2012,35,1
4,2,2012,36,1
4,2,2012,37,1
4,2,2012,38,1
4,2,2012,39,1
4,2,2012,40,1
4,2,2012,41,1
4,2,2012,42,1
4,2,2012,43,1
4,2,2012,44,1
4,2,2012,45,1
4,2,2012,46,1
4,2,2012,47,1
4,2,2012,48,1
4,2,2012,49,1
4,2,2012,50,1
4,2,2012,51,1
4,2,2012,52,1
4,2,2013,1,1
4,2,2013,2,1
4,2,2013,3,1
4,2,2013,4,1
4,2,2013,5,1
4,2,2013,6,1
4,2,2013,7,1
4,2,2013,8,1
4,2,2013,9,1
4,2,2013,10,1
4,2,2013,11,1
4,2,2013,12,1
4,2,2013,13,1
4,2,2013,14,1
4,2,2013,15,1
4,2,2013,16,1
4,2,2013,17,1
4,2,2013,18,1
4,2,2013,19,1
4,2,2013,20,1
4,2,2013,21,1
4,2,2013,22,1
4,2,2013,23,1
4,2,2013,24,1
4,2,2013,25,1
4,2,2013,26,1
4,2,2013,27,1
4,2,2013,28,1
4,2,2013,29,1
4,2,2013,30,1
4,2,2013,31,1
4,2,2013,32,0
4,2,2013,33,1
4,2,2013,34,1
4,2,2013,35,1
4,2,2013,36,1
4,2,2013,37,1
4,2,2013,38,1
4,2,2013,39,1
4,2,2013,40,1
4,2,2013,41,1
4,2,2013,42,1
4,2,2013,43,1
4,2,2013,44,1
4,2,2013,45,1
4,2,2013,46,1
4,2,2013,47,1
4,2,2013,48,1
4,2,2013,49,1
4,2,2013,50,1
4,2,2013,51,1
4,2,2013,52,1
4,2,2014,1,1
4,2,2014,2,1
4,2,2014,3,1
4,2,2014,4,1
4,2,2014,5,1
4,2,2014,6,1
4,2,2014,7,1
4,2,2014,8,1
4,2,2014,9,1
4,2,2014,10,1
4,2,2014,11,1
4,2,2014,12,1
4,2,2014,13,1
4,2,2014,14,1
4,2,2014,15,1
4,2,2014,16,1
4,2,2014,17,1
4,2,2014,18,1
4,2,2014,19,1
4,2,2014,20,1
4,2,2014,21,1
4,2,2014,22,1
4,2,2014,23,1
4,2,2014,24,1
4,2,2014,25,1
4,2,2014,26,1
4,2,2014,27,1
4,2,2014,28,1
4,2,2014,29,1
4,2,2014,30,1
4,2,2014,31,1
4,2,2014,32,1
4,2,2014,33,1
4,2,2014,34,1
4,2,2014,35,1
4,2,2014,36,1
4,2,2014,37,1
4,2,2014,38,1
4,2,2014,39,1
4,2,2014,40,1
4,2,2014,41,1
4,2,2014,42,1
4,2,2014,43,1
4,2,2014,44,1
4,2,2014,45,1
4,2,2014,46,1
4,2,2014,47,1
4,2,2014,48,1
4,2,2014,49,1
4,2,2014,50,1
4,2,2014,51,1
4,2,2014,52,1
4,2,2015,1,1
4,2,2015,2,1
4,2,2015,3,1
4,2,2015,4,1
4,2,2015,5,1
4,2,2015,6,1
4,2,2015,7,1
4,2,2015,8,1
4,2,2015,9,1
4,2,2015,10,1
4,2,2015,11,1
4,2,2015,12,1
4,2,2015,13,1
4,2,2015,14,1
4,2,2015,15,1
4,2,2015,16,1
4,2,2015,17,1
4,2,2015,18,1
4,2,2015,19,1
4,2,2015,20,1
4,2,2015,21,1
4,2,2015,22,1
4,2,2015,23,1
4,2,2015,24,1
4,2,2015,25,1
4,2,2015,26,1
4,2,2015,27,1
4,2,2015,28,1
4,2,2015,29,1
4,2,2015,30,1
4,2,2015,31,1
4,2,2015,32,1
4,2,2015,33,1
4,2,2015,34,1
4,2,2015,35,1
4,2,2015,36,1
4,2,2015,37,1
4,2,2015,38,1
4,2,2015,39,1
4,2,2015,40,0
4,2,2015,41,0
4,2,2015,42,0
4,2,2015,43,0
4,2,2015,44,0
4,2,2015,45,1
4,2,2015,46,1
4,2,2015,47,1
4,2,2015,48,1
4,2,2015,49,0
4,2,2015,50,0
4,2,2015,51,0
4,2,2015,52,0
4,2,2015,53,0
4,2,2016,1,0
4,2,2016,2,0
4,2,2016,3,0
4,2,2016,4,0
4,2,2016,5,0
4,2,2016,7,0
4,2,2016,8,0
4,2,2016,9,0
4,2,2016,10,0
4,2,2016,11,0
4,2,2016,12,0
4,2,2016,13,0
4,2,2016,14,0
4,2,2016,15,0
4,2,2016,16,0
4,2,2016,17,0
4,2,2016,18,0
4,2,2016,19,0
4,2,2016,20,0
4,2,2016,21,0
4,2,2016,22,0
4,2,2016,23,0
4,2,2016,24,0
4,2,2016,25,0
4,2,2016,26,0
4,2,2016,27,0
4,2,2016,28,0
4,2,2016,29,0
4,2,2016,30,0
4,2,2016,31,0
4,2,2016,32,0
4,2,2016,33,0
4,2,2016,34,0
4,2,2016,35,0
4,2,2016,36,0
4,2,2016,37,0
4,2,2016,38,0
4,2,2016,39,0
4,2,2016,40,0
4,2,2016,41,0
4,2,2016,42,0
4,2,2016,43,0
4,2,2016,44,0
4,2,2016,45,0
4,2,2016,46,0
4,2,2016,47,0
4,2,2016,48,0
4,2,2016,49,0
4,2,2016,50,0
4,2,2016,51,0
4,2,2016,52,0
4,2,2017,1,0
1,1,2007,1,4
1,1,2007,2,3
1,1,2007,3,3
1,1,2007,4,3
1,1,2007,5,4
1,1,2007,6,4
1,1,2007,7,4
1,1,2007,8,4
1,1,2007,9,4
1,1,2007,10,3
1,1,2007,11,3
1,1,2007,12,3
1,1,2007,13,2
1,1,2007,14,2
1,1,2007,15,2
1,1,2007,16,2
1,1,2007,17,1
1,1,2007,18,1
1,1,2007,19,1
1,1,2007,20,1
1,1,2007,21,1
1,1,2007,22,1
1,1,2007,23,1
1,1,2007,24,1
1,1,2007,25,1
1,1,2007,26,1
1,1,2007,27,1
1,1,2007,28,1
1,1,2007,29,1
1,1,2007,30,1
1,1,2007,31,1
1,1,2007,32,1
1,1,2007,33,1
1,1,2007,34,1
1,1,2007,35,1
1,1,2007,36,1
1,1,2007,37,1
1,1,2007,38,1
1,1,2007,39,1
1,1,2007,40,1
1,1,2007,41,1
1,1,2007,42,1
1,1,2007,43,1
1,1,2007,44,2
1,1,2007,45,2
1,1,2007,46,2
1,1,2007,47,1
1,1,2007,48,1
1,1,2007,49,1
1,1,2007,50,2
1,1,2007,51,3
1,1,2007,52,4
1,1,2008,1,3
1,1,2008,2,3
1,1,2008,3,4
1,1,2008,4,4
1,1,2008,5,4
1,1,2008,6,4
1,1,2008,7,4
1,1,2008,8,4
1,1,2008,9,4
1,1,2008,10,4
1,1,2008,11,4
1,1,2008,12,4
1,1,2008,13,3
1,1,2008,14,2
1,1,2008,15,2
1,1,2008,16,1
1,1,2008,17,2
1,1,2008,18,1
1,1,2008,19,2
1,1,2008,20,1
1,1,2008,21,1
1,1,2008,22,1
1,1,2008,23,1
1,1,2008,24,1
1,1,2008,25,1
1,1,2008,26,1
1,1,2008,27,0
1,1,2008,28,1
1,1,2008,29,1
1,1,2008,30,1
1,1,2008,31,1
1,1,2008,32,1
1,1,2008,33,1
1,1,2008,34,0
1,1,2008,35,1
1,1,2008,36,1
1,1,2008,37,1
1,1,2008,38,1
1,1,2008,39,1
1,1,2008,40,1
1,1,2008,41,1
1,1,2008,42,1
1,1,2008,43,1
1,1,2008,44,1
1,1,2008,45,1
1,1,2008,46,1
1,1,2008,47,1
1,1,2008,48,1
1,1,2008,49,1
1,1,2008,50,2
1,1,2008,51,1
1,1,2008,52,2
1,1,2009,1,1
1,1,2009,2,1
1,1,2009,3,1
1,1,2009,4,2
1,1,2009,5,3
1,1,2009,6,4
1,1,2009,7,4
1,1,2009,8,4
1,1,2009,9,4
1,1,2009,10,4
1,1,2009,11,4
1,1,2009,12,3
1,1,2009,13,2
1,1,2009,14,2
1,1,2009,15,2
1,1,2009,16,1
1,1,2009,17,0
1,1,2009,18,3
1,1,2009,19,3
1,1,2009,20,2
1,1,2009,21,2
1,1,2009,22,3
1,1,2009,23,0
1,1,2009,24,0
1,1,2009,25,2
1,1,2009,26,2
1,1,2009,27,1
1,1,2009,28,1
1,1,2009,29,1
1,1,2009,30,1
1,1,2009,31,1
1,1,2009,32,1
1,1,2009,33,1
1,1,2009,34,2
1,1,2009,35,2
1,1,2009,36,3
1,1,2009,37,4
1,1,2009,38,4
1,1,2009,39,4
1,1,2009,40,4
1,1,2009,41,4
1,1,2009,42,4
1,1,2009,43,4
1,1,2009,44,4
1,1,2009,45,4
1,1,2009,46,4
1,1,2009,47,4
1,1,2009,48,4
1,1,2009,49,3
1,1,2009,50,3
1,1,2009,51,2
1,1,2009,52,3
1,1,2009,53,3
1,1,2010,1,2
1,1,2010,2,2
1,1,2010,3,2
1,1,2010,4,1
1,1,2010,5,2
1,1,2010,6,2
1,1,2010,7,2
1,1,2010,8,2
1,1,2010,9,2
1,1,2010,10,2
1,1,2010,11,2
1,1,2010,12,2
1,1,2010,13,1
1,1,2010,14,1
1,1,2010,15,1
1,1,2010,16,1
1,1,2010,17,1
1,1,2010,18,1
1,1,2010,19,1
1,1,2010,20,1
1,1,2010,21,1
1,1,2010,22,1
1,1,2010,23,1
1,1,2010,24,1
1,1,2010,25,1
1,1,2010,26,1
1,1,2010,27,1
1,1,2010,28,1
1,1,2010,29,1
1,1,2010,30,1
1,1,2010,31,1
1,1,2010,32,1
1,1,2010,33,1
1,1,2010,34,1
1,1,2010,35,1
1,1,2010,36,1
1,1,2010,37,1
1,1,2010,38,1
1,1,2010,39,1
1,1,2010,40,1
1,1,2010,41,1
1,1,2010,42,1
1,1,2010,43,1
1,1,2010,44,1
1,1,2010,45,1
1,1,2010,46,1
1,1,2010,47,2
1,1,2010,48,1
1,1,2010,49,1
1,1,2010,50,2
1,1,2010,51,2
1,1,2010,52,3
1,1,2011,1,2
1,1,2011,2,2
1,1,2011,3,3
1,1,2011,4,4
1,1,2011,5,4
1,1,2011,6,4
1,1,2011,7,4
1,1,2011,8,4
1,1,2011,9,4
1,1,2011,10,4
1,1,2011,11,3
1,1,2011,12,2
1,1,2011,13,1
1,1,2011,14,1
1,1,2011,15,1
1,1,2011,16,1
1,1,2011,17,1
1,1,2011,18,1
1,1,2011,19,1
1,1,2011,20,1
1,1,2011,21,1
1,1,2011,22,1
1,1,2011,23,1
1,1,2011,24,1
1,1,2011,25,1
1,1,2011,26,1
1,1,2011,27,1
1,1,2011,28,1
1,1,2011,29,1
1,1,2011,30,1
1,1,2011,31,1
1,1,2011,32,1
1,1,2011,33,1
1,1,2011,34,1
1,1,2011,35,1
1,1,2011,36,1
1,1,2011,37,1
1,1,2011,38,1
1,1,2011,39,1
1,1,2011,40,1
1,1,2011,41,1
1,1,2011,42,1
1,1,2011,43,1
1,1,2011,44,1
1,1,2011,45,1
1,1,2011,46,1
1,1,2011,47,1
1,1,2011,48,1
1,1,2011,49,1
1,1,2011,50,1
1,1,2011,51,1
1,1,2011,52,2
1,1,2012,1,1
1,1,2012,2,1
1,1,2012,3,1
1,1,2012,4,1
1,1,2012,5,2
1,1,2012,6,2
1,1,2012,7,2
1,1,2012,8,2
1,1,2012,9,2
1,1,2012,10,2
1,1,2012,11,3
1,1,2012,12,2
1,1,2012,13,1
1,1,2012,14,2
1,1,2012,15,2
1,1,2012,16,2
1,1,2012,17,1
1,1,2012,18,1
1,1,2012,19,1
1,1,2012,20,1
1,1,2012,21,1
1,1,2012,22,1
1,1,2012,23,1
1,1,2012,24,1
1,1,2012,25,1
1,1,2012,26,1
1,1,2012,27,1
1,1,2012,28,1
1,1,2012,29,1
1,1,2012,30,1
1,1,2012,31,1
1,1,2012,32,1
1,1,2012,33,1
1,1,2012,34,1
1,1,2012,35,1
1,1,2012,36,1
1,1,2012,37,1
1,1,2012,38,1
1,1,2012,39,1
1,1,2012,40,1
1,1,2012,41,1
1,1,2012,42,1
1,1,2012,43,1
1,1,2012,44,1
1,1,2012,45,1
1,1,2012,46,2
1,1,2012,47,3
1,1,2012,48,3
1,1,2012,49,4
1,1,2012,50,4
1,1,2012,51,4
1,1,2012,52,4
1,1,2013,1,4
1,1,2013,2,4
1,1,2013,3,4
1,1,2013,4,4
1,1,2013,5,4
1,1,2013,6,4
1,1,2013,7,4
1,1,2013,8,4
1,1,2013,9,4
1,1,2013,10,3
1,1,2013,11,2
1,1,2013,12,2
1,1,2013,13,2
1,1,2013,14,2
1,1,2013,15,2
1,1,2013,16,2
1,1,2013,17,1
1,1,2013,18,1
1,1,2013,19,1
1,1,2013,20,1
1,1,2013,21,1
1,1,2013,22,1
1,1,2013,23,1
1,1,2013,24,1
1,1,2013,25,1
1,1,2013,26,1
1,1,2013,27,1
1,1,2013,28,1
1,1,2013,29,1
1,1,2013,30,1
1,1,2013,31,1
1,1,2013,32,1
1,1,2013,33,1
1,1,2013,34,1
1,1,2013,35,1
1,1,2013,36,1
1,1,2013,37,1
1,1,2013,38,1
1,1,2013,39,1
1,1,2013,40,1
1,1,2013,41,1
1,1,2013,42,1
1,1,2013,43,1
1,1,2013,44,1
1,1,2013,45,2
1,1,2013,46,2
1,1,2013,47,2
1,1,2013,48,2
1,1,2013,49,2
1,1,2013,50,2
1,1,2013,51,4
1,1,2013,52,4
1,1,2014,1,4
1,1,2014,2,4
1,1,2014,3,4
1,1,2014,4,4
1,1,2014,5,4
1,1,2014,6,4
1,1,2014,7,4
1,1,2014,8,4
1,1,2014,9,3
1,1,2014,10,3
1,1,2014,11,3
1,1,2014,12,3
1,1,2014,13,2
1,1,2014,14,2
1,1,2014,15,2
1,1,2014,16,2
1,1,2014,17,2
1,1,2014,18,1
1,1,2014,19,2
1,1,2014,20,2
1,1,2014,21,1
1,1,2014,22,1
1,1,2014,23,2
1,1,2014,24,2
1,1,2014,25,1
1,1,2014,26,2
1,1,2014,27,1
1,1,2014,28,2
1,1,2014,29,2
1,1,2014,30,1
1,1,2014,31,1
1,1,2014,32,1
1,1,2014,33,1
1,1,2014,34,1
1,1,2014,35,1
1,1,2014,36,1
1,1,2014,37,1
1,1,2014,38,1
1,1,2014,39,1
1,1,2014,40,1
1,1,2014,41,1
1,1,2014,42,2
1,1,2014,43,1
1,1,2014,44,1
1,1,2014,45,1
1,1,2014,46,1
1,1,2014,47,3
1,1,2014,48,4
1,1,2014,49,4
1,1,2014,50,4
1,1,2014,51,4
1,1,2014,52,4
1,1,2015,1,4
1,1,2015,2,4
1,1,2015,3,4
1,1,2015,4,4
1,1,2015,5,4
1,1,2015,6,4
1,1,2015,7,4
1,1,2015,8,4
1,1,2015,9,4
1,1,2015,10,4
1,1,2015,11,4
1,1,2015,12,3
1,1,2015,13,3
1,1,2015,14,3
1,1,2015,15,2
1,1,2015,16,1
1,1,2015,17,2
1,1,2015,18,1
1,1,2015,19,1
1,1,2015,20,1
1,1,2015,21,1
1,1,2015,22,1
1,1,2015,23,1
1,1,2015,24,1
1,1,2015,25,1
1,1,2015,26,1
1,1,2015,27,1
1,1,2015,28,1
1,1,2015,29,1
1,1,2015,30,1
1,1,2015,31,1
1,1,2015,32,1
1,1,2015,33,1
1,1,2015,34,1
1,1,2015,35,1
1,1,2015,36,1
1,1,2015,37,1
1,1,2015,38,1
1,1,2015,39,1
1,1,2015,40,1
1,1,2015,41,1
1,1,2015,42,1
1,1,2015,43,1
1,1,2015,44,1
1,1,2015,45,1
1,1,2015,46,2
1,1,2015,47,0
1,1,2015,48,0
1,1,2015,49,0
1,1,2015,50,0
1,1,2015,51,0
1,1,2015,52,0
1,1,2015,53,0
1,1,2016,1,0
1,1,2016,2,0
1,1,2016,3,0
1,1,2016,4,0
1,1,2016,5,0
1,1,2016,6,0
1,1,2016,7,0
1,1,2016,8,0
1,1,2016,9,0
1,1,2016,10,0
1,1,2016,11,0
1,1,2016,12,0
1,1,2016,13,0
1,1,2016,14,0
1,1,2016,15,0
1,1,2016,16,0
1,1,2016,17,0
1,1,2016,18,0
1,1,2016,19,0
1,1,2016,20,0
1,1,2016,21,0
1,1,2016,22,0
1,1,2016,23,0
1,1,2016,24,0
1,1,2016,25,0
1,1,2016,26,0
1,1,2016,27,0
1,1,2016,28,0
1,1,2016,29,0
1,1,2016,30,0
1,1,2016,31,0
1,1,2016,32,0
1,1,2016,33,0
1,1,2016,34,0
1,1,2016,35,0
1,1,2016,36,0
1,1,2016,37,0
1,1,2016,38,0
1,1,2016,39,0
1,1,2016,40,0
1,1,2016,41,0
1,1,2016,42,0
1,1,2016,43,0
1,1,2016,44,0
1,1,2016,45,0
1,1,2016,46,0
1,1,2016,47,0
1,1,2016,48,0
1,1,2016,49,0
1,1,2016,50,0
1,1,2016,51,0
1,1,2016,52,0
1,1,2017,1,0
2,2,2007,1,1
2,2,2007,2,1
2,2,2007,3,1
2,2,2007,4,1
2,2,2007,5,1
2,2,2007,6,1
2,2,2007,7,1
2,2,2007,8,1
2,2,2007,9,1
2,2,2007,10,1
2,2,2007,11,1
2,2,2007,12,1
2,2,2007,13,1
2,2,2007,14,1
2,2,2007,15,1
2,2,2007,16,1
2,2,2007,17,1
2,2,2007,18,1
2,2,2007,19,1
2,2,2007,20,1
2,2,2007,21,1
2,2,2007,22,1
2,2,2007,23,1
2,2,2007,24,1
2,2,2007,25,1
2,2,2007,26,1
2,2,2007,27,1
2,2,2007,28,1
2,2,2007,29,1
2,2,2007,30,1
2,2,2007,31,1
2,2,2007,32,1
2,2,2007,33,1
2,2,2007,34,1
2,2,2007,35,1
2,2,2007,36,1
2,2,2007,37,1
2,2,2007,38,1
2,2,2007,39,1
2,2,2007,40,1
2,2,2007,41,1
2,2,2007,42,1
2,2,2007,43,1
2,2,2007,44,1
2,2,2007,45,1
2,2,2007,46,1
2,2,2007,47,1
2,2,2007,48,1
2,2,2007,49,1
2,2,2007,50,1
2,2,2007,51,1
2,2,2007,52,1
2,2,2008,1,1
2,2,2008,2,1
2,2,2008,3,1
2,2,2008,4,1
2,2,2008,5,1
2,2,2008,6,1
2,2,2008,7,1
2,2,2008,8,1
2,2,2008,9,1
2,2,2008,10,1
2,2,2008,11,1
2,2,2008,12,1
2,2,2008,13,1
2,2,2008,14,1
2,2,2008,15,1
2,2,2008,16,1
2,2,2008,17,1
2,2,2008,18,1
2,2,2008,19,1
2,2,2008,20,1
2,2,2008,21,1
2,2,2008,22,1
2,2,2008,23,1
2,2,2008,24,1
2,2,2008,25,1
2,2,2008,26,1
2,2,2008,27,1
2,2,2008,28,1
2,2,2008,29,1
2,2,2008,30,1
2,2,2008,31,1
2,2,2008,32,1
2,2,2008,33,1
2,2,2008,34,1
2,2,2008,35,1
2,2,2008,36,1
2,2,2008,37,1
2,2,2008,38,0
2,2,2008,39,1
2,2,2008,40,1
2,2,2008,41,1
2,2,2008,42,1
2,2,2008,43,0
2,2,2008,44,1
2,2,2008,45,1
2,2,2008,46,1
2,2,2008,47,1
2,2,2008,48,1
2,2,2008,49,1
2,2,2008,50,1
2,2,2008,51,1
2,2,2008,52,1
2,2,2009,1,1
2,2,2009,2,1
2,2,2009,3,1
2,2,2009,4,1
2,2,2009,5,1
2,2,2009,6,1
2,2,2009,7,1
2,2,2009,8,1
2,2,2009,9,1
2,2,2009,10,1
2,2,2009,11,1
2,2,2009,12,1
2,2,2009,13,1
2,2,2009,14,1
2,2,2009,15,1
2,2,2009,16,1
2,2,2009,17,1
2,2,2009,18,1
2,2,2009,19,1
2,2,2009,20,1
2,2,2009,21,1
2,2,2009,22,1
2,2,2009,23,1
2,2,2009,24,1
2,2,2009,25,3
2,2,2009,26,3
2,2,2009,27,3
2,2,2009,28,3
2,2,2009,29,3
2,2,2009,30,3
2,2,2009,31,3
2,2,2009,32,3
2,2,2009,33,3
2,2,2009,34,3
2,2,2009,35,4
2,2,2009,36,4
2,2,2009,37,4
2,2,2009,38,4
2,2,2009,39,4
2,2,2009,40,4
2,2,2009,41,4
2,2,2009,42,3
2,2,2009,43,3
2,2,2009,44,3
2,2,2009,45,3
2,2,2009,46,3
2,2,2009,47,3
2,2,2009,48,3
2,2,2009,49,3
2,2,2009,50,3
2,2,2009,51,3
2,2,2009,52,3
2,2,2009,53,3
2,2,2010,1,3
2,2,2010,2,3
2,2,2010,3,3
2,2,2010,4,3
2,2,2010,5,3
2,2,2010,6,3
2,2,2010,7,3
2,2,2010,8,3
2,2,2010,9,3
2,2,2010,10,3
2,2,2010,11,3
2,2,2010,12,3
2,2,2010,13,3
2,2,2010,14,3
2,2,2010,15,3
2,2,2010,16,3
2,2,2010,17,3
2,2,2010,18,3
2,2,2010,19,3
2,2,2010,20,3
2,2,2010,21,3
2,2,2010,22,3
2,2,2010,23,3
2,2,2010,24,3
2,2,2010,25,3
2,2,2010,26,3
2,2,2010,27,3
2,2,2010,28,3
2,2,2010,29,3
2,2,2010,30,3
2,2,2010,31,3
2,2,2010,32,2
2,2,2010,33,3
2,2,2010,34,3
2,2,2010,35,3
2,2,2010,36,3
2,2,2010,37,3
2,2,2010,38,3
2,2,2010,39,3
2,2,2010,40,2
2,2,2010,41,2
2,2,2010,42,2
2,2,2010,43,2
2,2,2010,44,2
2,2,2010,45,2
2,2,2010,46,2
2,2,2010,47,2
2,2,2010,48,2
2,2,2010,49,2
2,2,2010,50,2
2,2,2010,51,2
2,2,2010,52,2
2,2,2011,1,2
2,2,2011,2,2
2,2,2011,3,2
2,2,2011,4,4
2,2,2011,5,4
2,2,2011,6,4
2,2,2011,7,2
2,2,2011,8,2
2,2,2011,9,2
2,2,2011,10,2
2,2,2011,11,2
2,2,2011,12,2
2,2,2011,13,2
2,2,2011,14,2
2,2,2011,15,2
2,2,2011,16,2
2,2,2011,17,1
2,2,2011,18,1
2,2,2011,19,1
2,2,2011,20,1
2,2,2011,21,1
2,2,2011,22,1
2,2,2011,23,1
2,2,2011,24,1
2,2,2011,25,1
2,2,2011,26,1
2,2,2011,27,1
2,2,2011,28,1
2,2,2011,29,1
2,2,2011,30,1
2,2,2011,31,1
2,2,2011,32,1
2,2,2011,33,1
2,2,2011,34,1
2,2,2011,35,1
2,2,2011,36,1
2,2,2011,37,1
2,2,2011,38,1
2,2,2011,39,1
2,2,2011,40,1
2,2,2011,41,1
2,2,2011,42,1
2,2,2011,43,1
2,2,2011,44,1
2,2,2011,45,1
2,2,2011,46,1
2,2,2011,47,1
2,2,2011,48,1
2,2,2011,49,1
2,2,2011,50,1
2,2,2011,51,2
2,2,2011,52,2
2,2,2012,1,3
2,2,2012,2,3
2,2,2012,3,3
2,2,2012,4,2
2,2,2012,5,3
2,2,2012,6,3
2,2,2012,7,3
2,2,2012,8,3
2,2,2012,9,3
2,2,2012,10,3
2,2,2012,11,3
2,2,2012,12,3
2,2,2012,13,3
2,2,2012,14,3
2,2,2012,15,3
2,2,2012,16,3
2,2,2012,17,2
2,2,2012,18,2
2,2,2012,19,2
2,2,2012,20,2
2,2,2012,21,2
2,2,2012,22,2
2,2,2012,23,2
2,2,2012,24,2
2,2,2012,25,2
2,2,2012,26,2
2,2,2012,27,2
2,2,2012,28,2
2,2,2012,29,2
2,2,2012,30,2
2,2,2012,31,2
2,2,2012,32,2
2,2,2012,33,2
2,2,2012,34,2
2,2,2012,35,2
2,2,2012,36,2
2,2,2012,37,2
2,2,2012,38,2
2,2,2012,39,2
2,2,2012,40,2
2,2,2012,41,2
2,2,2012,42,2
2,2,2012,43,2
2,2,2012,44,2
2,2,2012,45,2
2,2,2012,46,2
2,2,2012,47,2
2,2,2012,48,2
2,2,2012,49,2
2,2,2012,50,2
2,2,2012,51,2
2,2,2012,52,2
2,2,2013,1,2
2,2,2013,2,2
2,2,2013,3,2
2,2,2013,4,2
2,2,2013,5,2
2,2,2013,6,2
2,2,2013,7,2
2,2,2013,8,2
2,2,2013,9,2
2,2,2013,10,2
2,2,2013,11,2
2,2,2013,12,2
2,2,2013,13,2
2,2,2013,14,2
2,2,2013,15,2
2,2,2013,16,2
2,2,2013,17,2
2,2,2013,18,2
2,2,2013,19,2
2,2,2013,20,2
2,2,2013,21,2
2,2,2013,22,2
2,2,2013,23,2
2,2,2013,24,2
2,2,2013,25,2
2,2,2013,26,2
2,2,2013,27,1
2,2,2013,28,1
2,2,2013,29,1
2,2,2013,30,1
2,2,2013,31,1
2,2,2013,32,1
2,2,2013,33,1
2,2,2013,34,1
2,2,2013,35,1
2,2,2013,36,1
2,2,2013,37,1
2,2,2013,38,1
2,2,2013,39,1
2,2,2013,40,1
2,2,2013,41,1
2,2,2013,42,1
2,2,2013,43,1
2,2,2013,44,1
2,2,2013,45,1
2,2,2013,46,1
2,2,2013,47,2
2,2,2013,48,2
2,2,2013,49,2
2,2,2013,50,3
2,2,2013,51,3
2,2,2013,52,3
2,2,2014,1,3
2,2,2014,2,3
2,2,2014,3,3
2,2,2014,4,3
2,2,2014,5,3
2,2,2014,6,3
2,2,2014,7,3
2,2,2014,8,3
2,2,2014,9,3
2,2,2014,10,3
2,2,2014,11,3
2,2,2014,12,3
2,2,2014,13,2
2,2,2014,14,2
2,2,2014,15,2
2,2,2014,16,2
2,2,2014,17,2
2,2,2014,18,2
2,2,2014,19,2
2,2,2014,20,2
2,2,2014,21,2
2,2,2014,22,2
2,2,2014,23,2
2,2,2014,24,2
2,2,2014,25,2
2,2,2014,26,2
2,2,2014,27,2
2,2,2014,28,2
2,2,2014,29,2
2,2,2014,30,2
2,2,2014,31,2
2,2,2014,32,2
2,2,2014,33,2
2,2,2014,34,2
2,2,2014,35,2
2,2,2014,36,2
2,2,2014,37,2
2,2,2014,38,2
2,2,2014,39,2
2,2,2014,40,2
2,2,2014,41,2
2,2,2014,42,2
2,2,2014,43,2
2,2,2014,44,2
2,2,2014,45,2
2,2,2014,46,2
2,2,2014,47,2
2,2,2014,48,2
2,2,2014,49,2
2,2,2014,50,2
2,2,2014,51,2
2,2,2014,52,2
2,2,2015,1,2
2,2,2015,2,2
2,2,2015,3,2
2,2,2015,4,2
2,2,2015,5,2
2,2,2015,6,2
2,2,2015,7,2
2,2,2015,8,2
2,2,2015,9,2
2,2,2015,10,2
2,2,2015,11,2
2,2,2015,12,2
2,2,2015,13,2
2,2,2015,14,2
2,2,2015,15,2
2,2,2015,16,2
2,2,2015,17,2
2,2,2015,18,1
2,2,2015,19,1
2,2,2015,20,1
2,2,2015,21,1
2,2,2015,22,1
2,2,2015,23,1
2,2,2015,24,2
2,2,2015,25,2
2,2,2015,26,2
2,2,2015,27,3
2,2,2015,28,2
2,2,2015,29,2
2,2,2015,30,2
2,2,2015,31,2
2,2,2015,32,2
2,2,2015,33,2
2,2,2015,34,2
2,2,2015,35,2
2,2,2015,36,2
2,2,2015,37,1
2,2,2015,38,1
2,2,2015,39,1
2,2,2015,40,1
2,2,2015,41,1
2,2,2015,42,1
2,2,2015,43,1
2,2,2015,44,1
2,2,2015,45,1
2,2,2015,46,1
2,2,2015,47,1
2,2,2015,48,1
2,2,2015,49,1
2,2,2015,50,1
2,2,2015,51,1
2,2,2015,52,1
2,2,2015,53,2
2,2,2016,1,2
2,2,2016,2,2
2,2,2016,3,2
2,2,2016,4,2
2,2,2016,5,3
2,2,2016,6,3
2,2,2016,7,3
2,2,2016,8,3
2,2,2016,9,3
2,2,2016,10,3
2,2,2016,11,3
2,2,2016,12,3
2,2,2016,13,3
2,2,2016,14,3
2,2,2016,15,3
2,2,2016,16,3
2,2,2016,17,3
2,2,2016,18,3
2,2,2016,19,2
2,2,2016,20,2
2,2,2016,21,1
2,2,2016,22,1
2,2,2016,23,1
2,2,2016,24,1
2,2,2016,25,1
2,2,2016,26,1
2,2,2016,27,1
2,2,2016,28,1
2,2,2016,29,1
2,2,2016,30,1
2,2,2016,31,1
2,2,2016,32,1
2,2,2016,33,1
2,2,2016,34,1
2,2,2016,35,1
2,2,2016,36,1
2,2,2016,37,2
2,2,2016,38,2
2,2,2016,39,2
2,2,2016,40,2
2,2,2016,41,2
2,2,2016,42,2
2,2,2016,43,2
2,2,2016,44,2
2,2,2016,45,2
2,2,2016,46,2
2,2,2016,47,2
2,2,2016,48,2
2,2,2016,49,3
2,2,2016,50,3
2,2,2016,51,3
2,2,2016,52,3
2,2,2017,1,3
3,3,2007,1,1
3,3,2007,2,1
3,3,2007,3,1
3,3,2007,4,1
3,3,2007,5,1
3,3,2007,6,1
3,3,2007,7,0
3,3,2007,8,0
3,3,2007,9,1
3,3,2007,10,0
3,3,2007,11,0
3,3,2007,12,0
3,3,2007,13,0
3,3,2007,14,1
3,3,2007,15,1
3,3,2007,16,1
3,3,2007,17,1
3,3,2007,18,1
3,3,2007,19,1
3,3,2007,20,1
3,3,2007,21,1
3,3,2007,22,1
3,3,2007,23,1
3,3,2007,24,1
3,3,2007,25,1
3,3,2007,26,1
3,3,2007,27,1
3,3,2007,28,1
3,3,2007,29,1
3,3,2007,30,1
3,3,2007,31,1
3,3,2007,32,1
3,3,2007,33,1
3,3,2007,34,1
3,3,2007,35,1
3,3,2007,36,1
3,3,2007,37,1
3,3,2007,38,1
3,3,2007,39,1
3,3,2007,40,1
3,3,2007,41,1
3,3,2007,42,1
3,3,2007,43,0
3,3,2007,44,1
3,3,2007,45,0
3,3,2007,46,0
3,3,2007,47,1
3,3,2007,48,1
3,3,2007,49,1
3,3,2007,50,1
3,3,2007,51,1
3,3,2007,52,1
3,3,2008,1,0
3,3,2008,2,0
3,3,2008,3,0
3,3,2008,4,0
3,3,2008,6,0
3,3,2008,7,0
3,3,2008,8,0
3,3,2008,9,0
3,3,2008,10,0
3,3,2008,11,0
3,3,2008,12,0
3,3,2008,13,0
3,3,2008,14,0
3,3,2008,15,0
3,3,2008,16,0
3,3,2008,17,0
3,3,2008,18,0
3,3,2008,19,0
3,3,2008,20,0
3,3,2008,21,0
3,3,2008,22,0
3,3,2008,23,0
3,3,2008,24,0
3,3,2008,25,0
3,3,2008,26,0
3,3,2008,27,0
3,3,2008,28,0
3,3,2008,29,0
3,3,2008,30,0
3,3,2008,31,0
3,3,2008,32,0
3,3,2008,33,0
3,3,2008,34,0
3,3,2008,35,0
3,3,2008,36,0
3,3,2008,37,0
3,3,2008,38,0
3,3,2008,39,0
3,3,2008,40,0
3,3,2008,41,0
3,3,2008,42,0
3,3,2008,43,0
3,3,2008,44,0
3,3,2008,45,0
3,3,2008,46,0
3,3,2008,47,0
3,3,2008,48,0
3,3,2008,49,0
3,3,2008,50,0
3,3,2008,51,0
3,3,2008,52,0
3,3,2009,1,0
3,3,2009,2,0
3,3,2009,3,0
3,3,2009,4,0
3,3,2009,5,0
3,3,2009,6,0
3,3,2009,7,0
3,3,2009,8,0
3,3,2009,9,0
3,3,2009,10,0
3,3,2009,11,0
3,3,2009,12,0
3,3,2009,13,0
3,3,2009,14,0
3,3,2009,15,0
3,3,2009,16,0
3,3,2009,17,0
3,3,2009,18,0
3,3,2009,19,0
3,3,2009,20,0
3,3,2009,21,0
3,3,2009,22,0
3,3,2009,23,0
3,3,2009,24,0
3,3,2009,25,0
3,3,2009,26,0
3,3,2009,27,0
3,3,2009,28,0
3,3,2009,29,0
3,3,2009,30,0
3,3,2009,31,0
3,3,2009,32,0
3,3,2009,33,0
3,3,2009,34,0
3,3,2009,35,0
3,3,2009,36,0
3,3,2009,37,0
3,3,2009,38,0
3,3,2009,39,0
3,3,2009,40,0
3,3,2009,41,0
3,3,2009,42,0
3,3,2009,43,0
3,3,2009,44,0
3,3,2009,45,0
3,3,2009,46,0
3,3,2009,47,0
3,3,2009,48,0
3,3,2009,49,0
3,3,2009,50,0
3,3,2009,51,0
3,3,2009,52,0
3,3,2010,1,0
3,3,2010,2,0
3,3,2010,3,0
3,3,2010,4,0
3,3,2010,5,0
3,3,2010,6,0
3,3,2010,8,0
3,3,2010,9,0
3,3,2010,10,0
3,3,2010,11,0
3,3,2010,12,0
3,3,2010,13,0
3,3,2010,14,0
3,3,2010,15,0
3,3,2010,16,0
3,3,2010,17,0
3,3,2010,18,0
3,3,2010,19,0
3,3,2010,20,0
3,3,2010,21,0
3,3,2010,22,0
3,3,2010,23,0
3,3,2010,24,0
3,3,2010,25,0
3,3,2010,26,0
3,3,2010,27,0
3,3,2010,28,0
3,3,2010,29,0
3,3,2010,30,0
3,3,2010,31,0
3,3,2010,32,0
3,3,2010,33,0
3,3,2010,34,0
3,3,2010,35,0
3,3,2010,36,0
3,3,2010,37,0
3,3,2010,38,0
3,3,2010,39,0
3,3,2010,40,0
3,3,2010,41,0
3,3,2010,42,0
3,3,2010,43,0
3,3,2010,44,0
3,3,2010,45,0
3,3,2010,46,0
3,3,2010,47,0
3,3,2010,48,0
3,3,2010,49,0
3,3,2010,50,0
3,3,2010,51,0
3,3,2010,52,0
3,3,2011,1,1
3,3,2011,2,1
3,3,2011,3,1
3,3,2011,4,1
3,3,2011,5,1
3,3,2011,6,1
3,3,2011,7,1
3,3,2011,8,1
3,3,2011,9,1
3,3,2011,10,1
3,3,2011,11,1
3,3,2011,12,1
3,3,2011,13,1
3,3,2011,14,1
3,3,2011,15,1
3,3,2011,16,1
3,3,2011,17,1
3,3,2011,18,1
3,3,2011,19,1
3,3,2011,20,1
3,3,2011,21,1
3,3,2011,22,1
3,3,2011,23,1
3,3,2011,24,1
3,3,2011,25,1
3,3,2011,26,1
3,3,2011,27,1
3,3,2011,28,1
3,3,2011,29,1
3,3,2011,30,1
3,3,2011,31,1
3,3,2011,32,1
3,3,2011,33,1
3,3,2011,34,1
3,3,2011,35,1
3,3,2011,36,1
3,3,2011,37,1
3,3,2011,38,1
3,3,2011,39,1
3,3,2011,40,1
3,3,2011,41,1
3,3,2011,42,1
3,3,2011,43,1
3,3,2011,44,1
3,3,2011,45,1
3,3,2011,46,1
3,3,2011,47,1
3,3,2011,48,1
3,3,2011,49,1
3,3,2011,50,1
3,3,2011,51,1
3,3,2011,52,1
3,3,2012,1,1
3,3,2012,2,1
3,3,2012,3,1
3,3,2012,4,1
3,3,2012,5,1
3,3,2012,6,1
3,3,2012,7,1
3,3,2012,8,1
3,3,2012,9,1
3,3,2012,10,1
3,3,2012,11,1
3,3,2012,12,1
3,3,2012,13,1
3,3,2012,14,1
3,3,2012,15,1
3,3,2012,16,1
3,3,2012,17,1
3,3,2012,18,1
3,3,2012,19,1
3,3,2012,20,1
3,3,2012,21,1
3,3,2012,22,1
3,3,2012,23,1
3,3,2012,24,1
3,3,2012,25,1
3,3,2012,26,1
3,3,2012,27,1
3,3,2012,28,1
3,3,2012,29,1
3,3,2012,30,1
3,3,2012,31,1
3,3,2012,32,1
3,3,2012,33,1
3,3,2012,34,1
3,3,2012,35,1
3,3,2012,36,1
3,3,2012,37,1
3,3,2012,38,1
3,3,2012,39,1
3,3,2012,40,1
3,3,2012,41,1
3,3,2012,42,1
3,3,2012,43,1
3,3,2012,44,1
3,3,2012,45,1
3,3,2012,46,1
3,3,2012,47,1
3,3,2012,48,1
3,3,2012,49,1
3,3,2012,50,1
3,3,2012,51,1
3,3,2012,52,1
3,3,2013,1,1
3,3,2013,2,1
3,3,2013,3,1
3,3,2013,4,1
3,3,2013,5,1
3,3,2013,6,1
3,3,2013,7,1
3,3,2013,8,1
3,3,2013,9,1
3,3,2013,10,1
3,3,2013,11,1
3,3,2013,12,1
3,3,2013,13,1
3,3,2013,14,1
3,3,2013,15,1
3,3,2013,16,1
3,3,2013,17,1
3,3,2013,18,1
3,3,2013,19,1
3,3,2013,20,1
3,3,2013,21,1
3,3,2013,22,1
3,3,2013,23,1
3,3,2013,24,1
3,3,2013,25,1
3,3,2013,26,1
3,3,2013,27,1
3,3,2013,28,1
3,3,2013,29,1
3,3,2013,30,1
3,3,2013,31,1
3,3,2013,32,1
3,3,2013,33,1
3,3,2013,34,1
3,3,2013,35,1
3,3,2013,36,1
3,3,2013,37,1
3,3,2013,38,1
3,3,2013,39,1
3,3,2013,40,1
3,3,2013,41,1
3,3,2013,42,1
3,3,2013,43,1
3,3,2013,44,1
3,3,2013,45,1
3,3,2013,46,1
3,3,2013,47,1
3,3,2013,48,1
3,3,2013,49,1
3,3,2013,50,1
3,3,2013,51,1
3,3,2013,52,1
3,3,2014,1,1
3,3,2014,2,1
3,3,2014,3,1
3,3,2014,4,1
3,3,2014,5,1
3,3,2014,6,1
3,3,2014,7,1
3,3,2014,8,1
3,3,2014,9,1
3,3,2014,10,1
3,3,2014,11,1
3,3,2014,12,1
3,3,2014,13,1
3,3,2014,14,1
3,3,2014,15,1
3,3,2014,16,1
3,3,2014,17,1
3,3,2014,18,1
3,3,2014,19,1
3,3,2014,20,1
3,3,2014,21,1
3,3,2014,22,1
3,3,2014,23,1
3,3,2014,24,1
3,3,2014,25,1
3,3,2014,26,1
3,3,2014,27,1
3,3,2014,28,1
3,3,2014,29,1
3,3,2014,30,1
3,3,2014,31,1
3,3,2014,32,1
3,3,2014,33,1
3,3,2014,34,1
3,3,2014,35,1
3,3,2014,36,1
3,3,2014,37,1
3,3,2014,38,1
3,3,2014,39,1
3,3,2014,40,1
3,3,2014,41,1
3,3,2014,42,1
3,3,2014,43,1
3,3,2014,44,1
3,3,2014,45,1
3,3,2014,46,1
3,3,2014,47,1
3,3,2014,48,1
3,3,2014,49,1
3,3,2014,50,1
3,3,2014,51,1
3,3,2014,52,1
3,3,2015,1,1
3,3,2015,2,1
3,3,2015,3,1
3,3,2015,4,1
3,3,2015,5,1
3,3,2015,6,1
3,3,2015,7,1
3,3,2015,8,1
3,3,2015,9,1
3,3,2015,10,1
3,3,2015,11,1
3,3,2015,12,1
3,3,2015,13,1
3,3,2015,14,1
3,3,2015,15,1
3,3,2015,16,1
3,3,2015,17,1
3,3,2015,18,1
3,3,2015,19,1
3,3,2015,20,1
3,3,2015,21,1
3,3,2015,22,1
3,3,2015,23,1
3,3,2015,24,1
3,3,2015,25,1
3,3,2015,26,1
3,3,2015,27,1
3,3,2015,28,1
3,3,2015,29,1
3,3,2015,30,1
3,3,2015,31,1
3,3,2015,32,1
3,3,2015,33,1
3,3,2015,34,1
3,3,2015,35,1
3,3,2015,36,1
3,3,2015,37,1
3,3,2015,38,1
3,3,2015,39,1
3,3,2015,40,1
3,3,2015,41,0
3,3,2015,42,1
3,3,2015,43,1
3,3,2015,44,1
3,3,2015,45,1
3,3,2015,46,1
3,3,2015,47,1
3,3,2015,48,1
3,3,2015,49,1
3,3,2015,50,1
3,3,2015,51,1
3,3,2015,52,1
3,3,2015,53,1
3,3,2016,1,1
3,3,2016,2,1
3,3,2016,3,1
3,3,2016,4,1
3,3,2016,5,1
3,3,2016,6,1
3,3,2016,7,1
3,3,2016,8,1
3,3,2016,9,1
3,3,2016,10,1
3,3,2016,11,1
3,3,2016,12,1
3,3,2016,13,1
3,3,2016,14,1
3,3,2016,15,1
3,3,2016,16,1
3,3,2016,17,1
3,3,2016,18,1
3,3,2016,19,1
3,3,2016,20,1
3,3,2016,21,1
3,3,2016,22,1
3,3,2016,23,1
3,3,2016,24,1
3,3,2016,25,1
3,3,2016,26,1
3,3,2016,27,1
3,3,2016,28,1
3,3,2016,29,1
3,3,2016,30,1
3,3,2016,31,1
3,3,2016,32,1
3,3,2016,33,1
3,3,2016,34,1
3,3,2016,35,1
3,3,2016,36,1
3,3,2016,37,1
3,3,2016,38,1
3,3,2016,39,1
3,3,2016,40,1
3,3,2016,41,1
3,3,2016,42,1
3,3,2016,43,1
3,3,2016,44,1
3,3,2016,45,1
3,3,2016,46,1
3,3,2016,47,1
3,3,2016,48,1
3,3,2016,49,1
3,3,2016,50,1
3,3,2016,51,1
3,3,2016,52,1
3,3,2017,1,1
5,4,2007,35,0
5,4,2007,36,0
5,4,2007,37,0
5,4,2007,38,1
5,4,2007,39,0
5,4,2007,40,0
5,4,2007,41,0
5,4,2007,42,0
5,4,2007,43,0
5,4,2007,44,1
5,4,2007,45,0
5,4,2007,46,1
5,4,2007,47,1
5,4,2007,48,1
5,4,2007,49,1
5,4,2007,50,1
5,4,2007,51,1
5,4,2007,52,1
5,4,2008,1,1
5,4,2008,2,3
5,4,2008,3,4
5,4,2008,4,4
5,4,2008,5,4
5,4,2008,6,4
5,4,2008,7,4
5,4,2008,8,4
5,4,2008,9,4
5,4,2008,10,4
5,4,2008,11,3
5,4,2008,12,2
5,4,2008,13,2
5,4,2008,14,1
5,4,2008,15,1
5,4,2008,16,1
5,4,2008,17,0
5,4,2008,18,0
5,4,2008,19,0
5,4,2008,20,0
5,4,2008,21,0
5,4,2008,22,0
5,4,2008,23,0
5,4,2008,24,0
5,4,2008,25,0
5,4,2008,26,0
5,4,2008,27,0
5,4,2008,28,0
5,4,2008,29,0
5,4,2008,30,0
5,4,2008,31,0
5,4,2008,32,0
5,4,2008,33,0
5,4,2008,34,0
5,4,2008,35,0
5,4,2008,36,0
5,4,2008,37,0
5,4,2008,40,0
5,4,2008,41,0
5,4,2008,42,0
5,4,2008,43,0
5,4,2008,44,1
5,4,2008,45,0
5,4,2008,46,0
5,4,2008,47,1
5,4,2008,48,1
5,4,2008,49,1
5,4,2008,50,1
5,4,2008,51,1
5,4,2008,52,1
5,4,2009,1,2
5,4,2009,2,3
5,4,2009,3,3
5,4,2009,4,0
5,4,2009,5,0
5,4,2009,6,0
5,4,2009,7,1
5,4,2009,8,1
5,4,2009,9,1
5,4,2009,10,1
5,4,2009,11,1
5,4,2009,12,1
5,4,2009,13,0
5,4,2009,14,0
5,4,2009,15,0
5,4,2009,16,0
5,4,2009,17,0
5,4,2009,18,0
5,4,2009,19,0
5,4,2009,20,0
5,4,2009,21,0
5,4,2009,22,0
5,4,2009,23,0
5,4,2009,24,0
5,4,2009,25,1
5,4,2009,26,1
5,4,2009,27,1
5,4,2009,28,1
5,4,2009,29,1
5,4,2009,30,1
5,4,2009,31,1
5,4,2009,32,1
5,4,2009,33,1
5,4,2009,34,1
5,4,2009,35,1
5,4,2009,36,1
5,4,2009,37,1
5,4,2009,38,1
5,4,2009,39,1
5,4,2009,40,3
5,4,2009,41,3
5,4,2009,42,3
5,4,2009,43,3
5,4,2009,44,3
5,4,2009,45,3
5,4,2009,46,3
5,4,2009,47,3
5,4,2009,48,3
5,4,2009,49,3
5,4,2009,50,3
5,4,2009,51,2
5,4,2009,52,2
5,4,2009,53,2
5,4,2010,1,2
5,4,2010,2,2
5,4,2010,3,2
5,4,2010,4,2
5,4,2010,5,2
5,4,2010,6,2
5,4,2010,7,1
5,4,2010,8,1
5,4,2010,9,1
5,4,2010,10,0
5,4,2010,11,1
5,4,2010,12,0
5,4,2010,13,0
5,4,2010,14,0
5,4,2010,15,0
5,4,2010,16,0
5,4,2010,17,0
5,4,2010,18,1
5,4,2010,19,1
5,4,2010,20,0
5,4,2010,21,0
5,4,2010,22,0
5,4,2010,23,0
5,4,2010,24,0
5,4,2010,30,0
5,4,2010,31,0
5,4,2010,35,0
5,4,2010,36,0
5,4,2010,37,1
5,4,2010,38,0
5,4,2010,39,0
5,4,2010,40,0
5,4,2010,41,0
5,4,2010,42,0
5,4,2010,43,1
5,4,2010,44,0
5,4,2010,45,0
5,4,2010,46,0
5,4,2010,47,0
5,4,2010,48,1
5,4,2010,49,1
5,4,2010,50,4
5,4,2010,51,4
5,4,2010,52,4
5,4,2011,1,4
5,4,2011,2,4
5,4,2011,3,4
5,4,2011,4,4
5,4,2011,5,4
5,4,2011,6,4
5,4,2011,7,4
5,4,2011,8,4
5,4,2011,9,4
5,4,2011,10,1
5,4,2011,11,1
5,4,2011,12,1
5,4,2011,13,1
5,4,2011,14,1
5,4,2011,15,1
5,4,2011,16,1
5,4,2011,17,0
5,4,2011,18,0
5,4,2011,19,0
5,4,2011,20,0
5,4,2011,21,0
5,4,2011,22,0
5,4,2011,23,0
5,4,2011,24,0
5,4,2011,25,0
5,4,2011,26,0
5,4,2011,27,0
5,4,2011,28,0
5,4,2011,29,0
5,4,2011,30,0
5,4,2011,31,0
5,4,2011,36,0
5,4,2011,37,0
5,4,2011,38,0
5,4,2011,39,0
5,4,2011,40,0
5,4,2011,41,0
5,4,2011,42,0
5,4,2011,43,0
5,4,2011,44,0
5,4,2011,45,0
5,4,2011,46,0
5,4,2011,47,0
5,4,2011,48,0
5,4,2011,49,1
5,4,2011,50,1
5,4,2011,51,1
5,4,2011,52,1
5,4,2012,1,1
5,4,2012,2,1
5,4,2012,3,1
5,4,2012,4,1
5,4,2012,5,4
5,4,2012,6,4
5,4,2012,7,4
5,4,2012,8,4
5,4,2012,9,4
5,4,2012,10,4
5,4,2012,11,4
5,4,2012,12,4
5,4,2012,13,1
5,4,2012,14,1
5,4,2012,15,1
5,4,2012,16,1
5,4,2012,17,1
5,4,2012,18,1
5,4,2012,19,1
5,4,2012,20,1
5,4,2012,21,1
5,4,2012,22,0
5,4,2012,23,0
5,4,2012,35,0
5,4,2012,40,0
5,4,2012,41,0
5,4,2012,42,0
5,4,2012,43,0
5,4,2012,44,0
5,4,2012,45,1
5,4,2012,46,1
5,4,2012,47,1
5,4,2012,48,1
5,4,2012,49,1
5,4,2012,50,1
5,4,2012,51,1
5,4,2012,52,4
5,4,2013,1,4
5,4,2013,2,4
5,4,2013,3,4
5,4,2013,4,4
5,4,2013,5,4
5,4,2013,6,4
5,4,2013,7,4
5,4,2013,8,4
5,4,2013,9,4
5,4,2013,10,4
5,4,2013,11,4
5,4,2013,12,4
5,4,2013,13,4
5,4,2013,14,1
5,4,2013,15,1
5,4,2013,16,1
5,4,2013,17,0
5,4,2013,18,0
5,4,2013,19,0
5,4,2013,20,0
5,4,2013,21,0
5,4,2013,22,0
5,4,2013,23,0
5,4,2013,24,0
5,4,2013,25,0
5,4,2013,26,0
5,4,2013,27,0
5,4,2013,28,0
5,4,2013,29,0
5,4,2013,30,0
5,4,2013,31,0
5,4,2013,32,0
5,4,2013,33,0
5,4,2013,34,0
5,4,2013,35,0
5,4,2013,36,0
5,4,2013,37,0
5,4,2013,38,0
5,4,2013,39,0
5,4,2013,40,0
5,4,2013,41,0
5,4,2013,42,0
5,4,2013,43,0
5,4,2013,44,0
5,4,2013,45,0
5,4,2013,46,0
5,4,2013,47,0
5,4,2013,48,0
5,4,2013,49,0
5,4,2013,50,0
5,4,2013,51,0
5,4,2013,52,0
5,4,2014,1,0
5,4,2014,2,0
5,4,2014,3,0
5,4,2014,4,0
5,4,2014,5,0
5,4,2014,6,4
5,4,2014,7,4
5,4,2014,8,4
5,4,2014,9,4
5,4,2014,10,4
5,4,2014,11,4
5,4,2014,12,1
5,4,2014,13,1
5,4,2014,14,1
5,4,2014,15,1
5,4,2014,16,1
5,4,2014,17,1
5,4,2014,18,0
5,4,2014,19,0
5,4,2014,20,0
5,4,2014,21,0
5,4,2014,22,0
5,4,2014,23,0
5,4,2014,24,0
5,4,2014,25,0
5,4,2014,26,0
5,4,2014,27,0
5,4,2014,28,0
5,4,2014,29,0
5,4,2014,30,0
5,4,2014,31,0
5,4,2014,32,0
5,4,2014,33,0
5,4,2014,34,0
5,4,2014,35,0
5,4,2014,36,0
5,4,2014,37,0
5,4,2014,38,0
5,4,2014,39,0
5,4,2014,40,0
5,4,2014,41,0
5,4,2014,42,0
5,4,2014,43,0
5,4,2014,44,0
5,4,2014,45,0
5,4,2014,46,0
5,4,2014,47,0
5,4,2014,48,0
5,4,2014,49,0
5,4,2014,50,0
5,4,2014,51,0
5,4,2014,52,0
5,4,2015,1,0
5,4,2015,2,0
5,4,2015,3,0
5,4,2015,4,0
5,4,2015,5,0
5,4,2015,6,0
5,4,2015,7,0
5,4,2015,8,0
5,4,2015,9,0
5,4,2015,10,0
5,4,2015,11,0
5,4,2015,12,0
5,4,2015,13,0
5,4,2015,14,0
5,4,2015,15,0
5,4,2015,16,0
5,4,2015,17,0
5,4,2015,18,0
5,4,2015,19,0
5,4,2015,20,0
5,4,2015,21,0
5,4,2015,22,0
5,4,2015,23,0
5,4,2015,24,0
5,4,2015,25,0
5,4,2015,26,0
5,4,2015,27,0
5,4,2015,28,0
5,4,2015,29,0
5,4,2015,30,0
5,4,2015,31,0
5,4,2015,32,0
5,4,2015,33,0
5,4,2015,34,0
5,4,2015,35,0
5,4,2015,36,0
5,4,2015,37,0
5,4,2015,38,0
5,4,2015,39,0
5,4,2015,40,0
5,4,2015,41,0
5,4,2015,42,0
5,4,2015,43,0
5,4,2015,44,0
5,4,2015,45,0
5,4,2015,46,0
5,4,2015,47,0
5,4,2015,48,0
5,4,2015,49,0
5,4,2015,50,0
5,4,2015,51,0
5,4,2015,52,0
5,4,2015,53,0
5,4,2016,1,0
5,4,2016,2,0
5,4,2016,3,0
5,4,2016,4,0
5,4,2016,5,0
5,4,2016,6,0
5,4,2016,7,0
5,4,2016,8,0
5,4,2016,9,0
5,4,2016,10,0
5,4,2016,11,0
5,4,2016,12,0
5,4,2016,13,0
5,4,2016,14,0
5,4,2016,15,0
5,4,2016,16,0
5,4,2016,17,0
5,4,2016,18,0
5,4,2016,19,0
5,4,2016,20,0
5,4,2016,21,0
5,4,2016,22,0
5,4,2016,23,0
5,4,2016,24,0
5,4,2016,25,0
5,4,2016,26,0
5,4,2016,27,0
5,4,2016,28,0
5,4,2016,29,0
5,4,2016,30,0
5,4,2016,31,0
5,4,2016,32,0
5,4,2016,33,0
5,4,2016,34,0
5,4,2016,35,0
5,4,2016,36,0
5,4,2016,37,0
5,4,2016,38,0
5,4,2016,39,0
5,4,2016,40,0
5,4,2016,41,0
5,4,2016,42,0
5,4,2016,43,0
5,4,2016,44,0
5,4,2016,45,0
5,4,2016,46,0
5,4,2016,47,0
5,4,2016,48,0
5,4,2016,49,0
5,4,2016,50,0
5,4,2016,51,0
5,4,2016,52,0
5,4,2017,1,0
6,4,2010,9,3
6,4,2010,10,3
6,4,2010,11,0
6,4,2010,12,0
6,4,2010,13,0
6,4,2010,14,0
6,4,2010,16,0
6,4,2010,17,0
6,4,2010,18,0
6,4,2010,19,0
6,4,2010,20,0
6,4,2010,21,0
6,4,2010,22,0
6,4,2010,23,0
6,4,2010,24,0
6,4,2010,25,0
6,4,2010,28,0
6,4,2010,29,0
6,4,2010,30,0
6,4,2010,31,0
6,4,2010,32,0
6,4,2010,33,0
6,4,2010,34,0
6,4,2010,35,0
6,4,2010,36,0
6,4,2010,37,0
6,4,2010,38,0
6,4,2010,39,0
6,4,2010,40,0
6,4,2010,41,0
6,4,2010,42,0
6,4,2010,43,0
6,4,2010,44,0
6,4,2010,45,0
6,4,2010,46,0
6,4,2010,47,0
6,4,2010,48,0
6,4,2010,49,0
6,4,2010,50,0
6,4,2010,51,0
6,4,2010,52,0
6,4,2011,1,0
6,4,2011,2,0
6,4,2011,3,4
6,4,2011,4,4
6,4,2011,5,4
6,4,2011,6,4
6,4,2011,7,4
6,4,2011,8,4
6,4,2011,9,4
6,4,2011,10,3
6,4,2011,11,1
6,4,2011,12,1
6,4,2011,13,1
6,4,2011,14,1
6,4,2011,15,1
6,4,2011,16,0
6,4,2011,17,0
6,4,2011,18,0
6,4,2011,19,0
6,4,2011,20,0
6,4,2011,21,0
6,4,2011,22,0
6,4,2011,23,0
6,4,2011,24,0
6,4,2011,25,0
6,4,2011,26,0
6,4,2011,27,0
6,4,2011,28,0
6,4,2011,29,0
6,4,2011,30,0
6,4,2011,31,0
6,4,2011,32,0
6,4,2011,33,0
6,4,2011,34,0
6,4,2011,35,0
6,4,2011,36,0
6,4,2011,37,0
6,4,2011,38,0
6,4,2011,39,0
6,4,2011,40,0
6,4,2011,41,0
6,4,2011,42,0
6,4,2011,43,0
6,4,2011,44,0
6,4,2011,45,0
6,4,2011,46,0
6,4,2011,47,0
6,4,2011,48,0
6,4,2011,49,0
6,4,2011,50,0
6,4,2011,51,1
6,4,2011,52,1
6,4,2012,1,1
6,4,2012,2,1
6,4,2012,3,1
6,4,2012,4,1
6,4,2012,5,2
6,4,2012,6,3
6,4,2012,7,4
6,4,2012,8,4
6,4,2012,9,4
6,4,2012,10,4
6,4,2012,11,4
6,4,2012,12,4
6,4,2012,13,3
6,4,2012,14,2
6,4,2012,15,0
6,4,2012,16,0
6,4,2012,17,0
6,4,2012,18,2
6,4,2012,19,0
6,4,2012,20,0
6,4,2012,21,0
6,4,2012,22,0
6,4,2012,23,0
6,4,2012,24,0
6,4,2012,25,0
6,4,2012,26,0
6,4,2012,27,0
6,4,2012,28,0
6,4,2012,29,0
6,4,2012,30,0
6,4,2012,31,0
6,4,2012,32,0
6,4,2012,33,0
6,4,2012,34,0
6,4,2012,35,0
6,4,2012,36,0
6,4,2012,37,0
6,4,2012,38,0
6,4,2012,39,0
6,4,2012,40,0
6,4,2012,41,0
6,4,2012,42,0
6,4,2012,43,0
6,4,2012,44,0
6,4,2012,45,1
6,4,2012,46,0
6,4,2012,47,0
6,4,2012,48,0
6,4,2012,49,1
6,4,2012,50,1
6,4,2012,51,1
6,4,2012,52,2
6,4,2013,1,2
6,4,2013,2,3
6,4,2013,3,3
6,4,2013,4,4
6,4,2013,5,4
6,4,2013,6,4
6,4,2013,7,0
6,4,2013,8,4
6,4,2013,9,4
6,4,2013,10,4
6,4,2013,11,4
6,4,2013,12,3
6,4,2013,13,3
6,4,2013,14,3
6,4,2013,15,1
6,4,2013,16,1
6,4,2013,17,1
6,4,2013,18,2
6,4,2013,19,0
6,4,2013,20,0
6,4,2013,21,0
6,4,2013,22,0
6,4,2013,23,0
6,4,2013,24,0
6,4,2013,25,0
6,4,2013,26,0
6,4,2013,27,0
6,4,2013,28,0
6,4,2013,29,0
6,4,2013,30,0
6,4,2013,31,0
6,4,2013,32,0
6,4,2013,33,0
6,4,2013,34,0
6,4,2013,35,0
6,4,2013,36,0
6,4,2013,37,0
6,4,2013,38,0
6,4,2013,39,0
6,4,2013,40,0
6,4,2013,41,0
6,4,2013,42,0
6,4,2013,43,0
6,4,2013,44,0
6,4,2013,45,0
6,4,2013,46,0
6,4,2013,47,0
6,4,2013,48,0
6,4,2013,49,0
6,4,2013,50,0
6,4,2013,51,0
6,4,2013,52,1
6,4,2014,1,1
6,4,2014,2,1
6,4,2014,3,1
6,4,2014,4,1
6,4,2014,5,2
6,4,2014,6,3
6,4,2014,7,3
6,4,2014,8,4
6,4,2014,9,4
6,4,2014,10,4
6,4,2014,11,4
6,4,2014,12,4
6,4,2014,13,3
6,4,2014,14,3
6,4,2014,15,0
6,4,2014,16,0
6,4,2014,17,0
6,4,2014,18,0
6,4,2014,19,0
6,4,2014,20,0
6,4,2014,39,0
6,4,2014,40,0
6,4,2014,41,0
6,4,2014,42,0
6,4,2014,43,0
6,4,2014,44,0
6,4,2014,45,0
6,4,2014,46,0
6,4,2014,47,0
6,4,2014,48,0
6,4,2014,49,0
6,4,2014,50,0
6,4,2014,51,0
6,4,2014,52,0
6,4,2015,1,0
6,4,2015,2,0
6,4,2015,3,0
6,4,2015,4,0
6,4,2015,5,0
6,4,2015,6,0
6,4,2015,7,0
6,4,2015,8,0
6,4,2015,9,0
6,4,2015,10,0
6,4,2015,11,0
6,4,2015,12,0
6,4,2015,13,0
6,4,2015,14,0
6,4,2015,15,0
6,4,2015,40,0
6,4,2015,41,0
6,4,2015,42,0
6,4,2015,43,0
6,4,2015,44,0
6,4,2015,45,0
6,4,2015,46,0
6,4,2015,47,0
6,4,2015,48,0
6,4,2015,49,0
6,4,2015,50,0
6,4,2015,51,0
6,4,2015,52,0
6,4,2015,53,0
6,4,2016,1,0
6,4,2016,2,0
6,4,2016,3,0
6,4,2016,4,0
6,4,2016,5,0
6,4,2016,6,0
6,4,2016,7,0
6,4,2016,8,0
6,4,2016,9,0
6,4,2016,10,0
6,4,2016,11,0
6,4,2016,12,0
6,4,2016,13,0
6,4,2016,14,0
6,4,2016,40,0
6,4,2016,41,0
6,4,2016,42,0
6,4,2016,43,0
6,4,2016,44,0
6,4,2016,45,0
6,4,2016,46,0
6,4,2016,47,0
6,4,2016,48,0
6,4,2016,49,0
6,4,2016,50,0
6,4,2016,51,0
6,4,2016,52,0
6,4,2017,1,0
